nombre,apellido,correo
Adrea,Gisbye,agisbye0@about.me
Siegfried,Daughton,sdaughton1@wikimedia.org
Adolphe,Heminsley,aheminsley2@google.com.au
Melania,Opie,mopie3@parallels.com
Julita,Spawforth,jspawforth4@miibeian.gov.cn
Art,Westhoff,awesthoff5@irs.gov
Mitchel,McCrum,mmccrum6@berkeley.edu
Nessy,Tickel,ntickel7@yellowpages.com
Charmian,Corroyer,ccorroyer8@wiley.com
Nil,Keepin,nkeepin9@amazon.com
Feodora,Vasyunichev,fvasyunicheva@narod.ru
Marylee,Dietz,mdietzb@msn.com
Ellene,McCreagh,emccreaghc@dot.gov
Rubi,Blackburne,rblackburned@dailymail.co.uk
Siffre,Cutting,scuttinge@wikispaces.com
Symon,Abrahamovitz,sabrahamovitzf@furl.net
Taffy,Tousy,ttousyg@usda.gov
Colly,Plank,cplankh@quantcast.com
Claudette,Grinyov,cgrinyovi@lulu.com
Tracie,Airton,tairtonj@naver.com
Alfredo,Morkham,amorkhamk@sakura.ne.jp
Lukas,Dayne,ldaynel@umn.edu
El,Cornock,ecornockm@opensource.org
Morty,Ridehalgh,mridehalghn@wsj.com
Eloise,Ludman,eludmano@eventbrite.com
Nikolia,Bogeys,nbogeysp@boston.com
Colby,Smorfit,csmorfitq@timesonline.co.uk
Simone,Coade,scoader@tiny.cc
Jessie,Koschek,jkoscheks@yellowbook.com
Delmore,Fairholme,dfairholmet@unc.edu
Lewes,Scamerden,lscamerdenu@1688.com
Florrie,Winks,fwinksv@archive.org
Brigid,Mease,bmeasew@moonfruit.com
Ingelbert,Neate,ineatex@ifeng.com
Aigneis,MacParland,amacparlandy@who.int
Phip,Pulford,ppulfordz@angelfire.com
Rocky,Mabee,rmabee10@mysql.com
Xenia,Chidley,xchidley11@goodreads.com
Ronny,Gegg,rgegg12@constantcontact.com
Deidre,Dockrell,ddockrell13@umich.edu
Estel,Spriggs,espriggs14@goo.ne.jp
Dianne,Trevaskus,dtrevaskus15@deliciousdays.com
Ninette,Dietsche,ndietsche16@nps.gov
Wilburt,Jehan,wjehan17@bigcartel.com
Garwin,Dust,gdust18@hud.gov
Raddie,De la Yglesia,rdelayglesia19@woothemes.com
Derril,Maffy,dmaffy1a@delicious.com
Neel,Waples,nwaples1b@photobucket.com
Leeanne,Jendricke,ljendricke1c@webeden.co.uk
Chuck,Grouse,cgrouse1d@sohu.com
